section,sweep_param,sweep_value,sweep_label,param_B,value_B,cmro2_bias,cmro2_rel_bias,cmro2_mean,cmro2_std,R0_mean,pves_mean,pO2_abs_err,pO2_rel_err,spread
OAT,cmro2_true,1.0,1.00,,,0.15538956277746796,15.538956277746795,1.155389562777468,0.22536004856294903,99.95391697756698,80.60717922191036,2.494423031297165,4.175179664706018,0.2196538046879225
OAT,cmro2_true,1.5,1.50,,,0.2461815439312498,16.412102928749984,1.7461815439312498,0.1974095367468291,98.61202608241919,79.8234633042801,3.849436917144487,7.798607564990633,0.19241101563753513
OAT,cmro2_true,2.0,2.00,,,0.09205858136670875,4.602929068335437,2.0920585813667087,0.3309601535302405,99.0609376871329,75.91545202727795,4.921908600621446,12.489165692147225,0.3225800552785655
OAT,cmro2_true,2.5,2.50,,,0.1626147212019604,6.5045888480784155,2.6626147212019604,0.30211209162230623,98.93949189277035,76.80100075222147,4.976507957155523,16.986914136557395,0.2944624426122702
OAT,cmro2_true,3.0,3.00,,,0.13071258688663923,4.357086229554641,2.8692874131133608,0.25934596514698466,101.17636892702424,73.98121618023507,5.467225074598674,28.993477355177944,0.2527791786443653
OAT,R0_true,80.0,80,,,0.1985520343321978,9.92760171660989,2.198552034332198,0.5479144544828269,79.653211938566,78.63890896103473,3.3302830993287045,5.753033998227542,0.5340409506392306
OAT,R0_true,90.0,90,,,0.14586546423806634,7.293273211903317,2.1458654642380663,0.3584105411404217,89.60552525333385,78.04626202307861,4.09399283265108,8.282787834319134,0.3493353835507383
OAT,R0_true,100.0,100,,,0.13898367772756615,6.949183886378307,2.138983677727566,0.25321432750808764,98.71314331161176,77.49360061993302,3.7731718764258244,9.522927875602553,0.24680279753804332
OAT,R0_true,110.0,110,,,0.10323105497384066,5.161552748692033,2.1032310549738407,0.1549847732957083,110.52170843606265,77.98932236739878,5.344447893286542,19.816438750091383,0.15106047118901092
OAT,R0_true,120.0,120,,,0.13461995160063633,6.730997580031817,2.1346199516006363,0.18006894110244429,119.07632265935497,76.97622694529669,6.421407584990695,47.34720800824694,0.17550949368130425
OAT,R0_true,130.0,130,,,0.1365744329275067,6.828721646375335,2.1365744329275067,0.18886389180998994,129.08157795668382,77.17319111558132,6.785041739669696,839.5942998984779,0.1840817512632222
OAT,obs_var,1.0,1,,,0.18261319096169792,9.130659548084896,2.182613190961698,0.058183759373915955,97.73875055503272,77.10118783765874,4.055366093043262,10.261430288999911,0.056710513682540965
OAT,obs_var,25.0,5,,,0.1766292731667991,8.831463658339956,2.176629273166799,0.10570343455631014,99.27968949571292,78.19298651387092,4.45784515151223,11.310020122049817,0.10302696381603282
OAT,obs_var,100.0,10,,,0.19266466178494834,9.633233089247417,2.1926646617849483,0.1839016285771898,100.00590706449063,79.57844966851945,4.338820850376685,11.071348470015849,0.17924513534173123
OAT,obs_var,2500.0,50,,,0.11840944364057959,5.92047218202898,1.8815905563594204,0.3888366042989175,100.37954989048083,74.15961730205484,3.8742546696428364,9.701682088504551,0.3789910415835409
OAT,obs_var,10000.0,100,,,0.27626250344129666,13.813125172064833,2.2762625034412967,0.5853428760750278,99.77014266596855,81.55878530107614,3.8312669757812183,9.79021434441536,0.5705216634302296
OAT,cmro2_var,5e-08,0.000224,,,7.980798745688134e-05,0.003990399372844067,1.9999201920125431,0.00046686573959503323,99.96784673572242,75.68809769008224,4.310315565774223,10.888477028556514,0.0004550444350469924
OAT,cmro2_var,0.005,0.0707,,,0.016453843555473746,0.8226921777736873,2.0164538435554737,0.1043919708261641,99.93411757801735,76.36509923429792,3.8819092564588233,9.803908012560303,0.10174870708919187
OAT,cmro2_var,0.5,0.707,,,0.0011414873512798351,0.05707436756399176,1.9988585126487202,0.2681551759336778,100.05696288185841,76.03617145372165,4.097557262478004,10.407368473131433,0.2613653352321624
OAT,cmro2_var,5.0,2.24,,,0.05483216592519469,2.7416082962597343,2.0548321659251947,0.3178423542628087,99.6860595843419,77.69082151746372,3.0329643252435745,7.611873060705987,0.30979440610695114
OAT,R0_var,0.010000000000000002,0.1,,,0.15739387122259885,7.869693561129942,2.157393871222599,0.21869185012615802,100.00011677747574,78.55946459624087,4.569843776652758,11.586782966375921,0.21315444880654466
OAT,R0_var,4.0,2.0,,,0.25000406677853215,12.500203338926607,2.250004066778532,0.33552086258408786,99.23274761847907,79.59510986253609,4.485539342973369,11.460510433070993,0.32702528460000135
OAT,R0_var,100.0,10.0,,,0.21257691690680014,10.628845845340006,2.2125769169068,0.4632411629819658,96.15038052016041,78.04971770074414,2.334407436553075,5.855923434821264,0.4515116347635353
OAT,R0_var,400.0,20.0,,,0.06633036185056596,3.3165180925282978,1.933669638149434,1.0548155470379454,94.2166323274002,74.03232405319645,1.6031446654906572,3.983942361099463,1.028107020868602
OAT,R0_var,2500.0,50.0,,,0.7622069709234287,38.11034854617144,2.7622069709234287,0.940200267373305,-1237.4005212676047,61.81275332455614,21.951587423973685,56.15589252309559,0.9163938649022005
OAT,pvessel_var,0.25,0.5,,,0.1877907811024504,9.389539055122519,2.1877907811024504,0.19886769902172025,100.25542151818512,79.85291319831963,4.331994226145198,11.090468018762635,0.1938322564190074
OAT,pvessel_var,1.0,1.0,,,0.21757003189138224,10.878501594569112,2.2175700318913822,0.09668450861589635,99.58701171430518,79.18060444715368,4.627606616658423,11.814000203320216,0.09423640218080521
OAT,pvessel_var,25.0,5.0,,,0.10130821946574997,5.065410973287499,2.10130821946575,0.25520019817744105,99.57230795858952,77.29780396497873,4.2260195858990475,10.710166695728926,0.248738384839001
OAT,pvessel_var,100.0,10.0,,,0.08859549586719018,4.429774793359509,2.08859549586719,0.29370403964391345,100.01814989822776,77.217257731938,4.707646145166422,11.894526815402585,0.2862672872648843
OAT,pvessel_var,400.0,20.0,,,0.19709564250215283,9.854782125107642,2.197095642502153,0.25105663001830913,100.62831575543892,80.65160492991228,4.089812143136117,10.37711623023987,0.24469973416892518
CROSS,cmro2_true,1.0,1.00,obs_var,1.0,0.1381757430743169,,,0.07175044284876546,,,2.6403265090952117,,
CROSS,cmro2_true,1.0,1.00,obs_var,25.0,0.08798722402372139,,,0.10935042073798713,,,1.7136441392907378,,
CROSS,cmro2_true,1.0,1.00,obs_var,100.0,0.0303212739672013,,,0.16918837352671667,,,2.2393724511406234,,
CROSS,cmro2_true,1.0,1.00,obs_var,2500.0,0.4973147465578498,,,0.4229650450351984,,,3.41125806939324,,
CROSS,cmro2_true,1.0,1.00,obs_var,10000.0,0.6815871568573371,,,0.5193125880586628,,,3.856127727196421,,
CROSS,cmro2_true,1.5,1.50,obs_var,1.0,0.30812163040304985,,,0.05288398326514567,,,4.107951378993551,,
CROSS,cmro2_true,1.5,1.50,obs_var,25.0,0.05512882570395217,,,0.11941076062420067,,,3.3215212280804143,,
CROSS,cmro2_true,1.5,1.50,obs_var,100.0,0.11897271608928461,,,0.17156772021110012,,,3.6067750304113804,,
CROSS,cmro2_true,1.5,1.50,obs_var,2500.0,0.19273200286149383,,,0.4561714717957641,,,2.858793953202654,,
CROSS,cmro2_true,1.5,1.50,obs_var,10000.0,0.24010596846954857,,,0.5810644761315025,,,2.36904120386946,,
CROSS,cmro2_true,2.0,2.00,obs_var,1.0,0.40924583314959495,,,0.06550229387670332,,,4.673321023036594,,
CROSS,cmro2_true,2.0,2.00,obs_var,25.0,0.24271518763533884,,,0.1907136122155692,,,4.894080979879199,,
CROSS,cmro2_true,2.0,2.00,obs_var,100.0,0.14295373959651236,,,0.24891271349135227,,,4.14629510852634,,
CROSS,cmro2_true,2.0,2.00,obs_var,2500.0,0.00023035905782009536,,,0.4235185955768024,,,4.956583616783351,,
CROSS,cmro2_true,2.0,2.00,obs_var,10000.0,0.2986279806277534,,,0.6312333297768615,,,5.302300274020845,,
CROSS,cmro2_true,2.5,2.50,obs_var,1.0,0.5838082446346102,,,0.0838703232331994,,,5.783824072896514,,
CROSS,cmro2_true,2.5,2.50,obs_var,25.0,0.365022014874818,,,0.21341558857886744,,,5.902633848875033,,
CROSS,cmro2_true,2.5,2.50,obs_var,100.0,0.08114042729084447,,,0.18336041948176138,,,4.661260409730508,,
CROSS,cmro2_true,2.5,2.50,obs_var,2500.0,0.03454009501657396,,,0.49697992956433973,,,4.861806088919528,,
CROSS,cmro2_true,2.5,2.50,obs_var,10000.0,0.2332599233542889,,,0.5696316100092381,,,4.485905751991834,,
CROSS,cmro2_true,3.0,3.00,obs_var,1.0,0.5460241021539329,,,0.06670821840370304,,,6.823047466328021,,
CROSS,cmro2_true,3.0,3.00,obs_var,25.0,0.2943648451739316,,,0.21508822797556718,,,6.619044131573098,,
CROSS,cmro2_true,3.0,3.00,obs_var,100.0,0.21846319927999946,,,0.2430131083562905,,,6.551620969386679,,
CROSS,cmro2_true,3.0,3.00,obs_var,2500.0,0.039448214305252804,,,0.42514076792397026,,,6.725167640962042,,
CROSS,cmro2_true,3.0,3.00,obs_var,10000.0,0.7081971772521523,,,0.43687463011094546,,,4.039818204247792,,
CROSS,cmro2_true,1.0,1.00,cmro2_var,5e-08,1.0000368914943771,,,0.0003673858363672857,,,4.7860073363436415,,
CROSS,cmro2_true,1.0,1.00,cmro2_var,0.005,0.7294097274399309,,,0.11666425989501071,,,3.9158816115519617,,
CROSS,cmro2_true,1.0,1.00,cmro2_var,0.5,0.15889978549842532,,,0.26411784968892266,,,2.6425345177664754,,
CROSS,cmro2_true,1.0,1.00,cmro2_var,5.0,0.08637544643458672,,,0.2750644258080614,,,2.8650972579624967,,
CROSS,cmro2_true,1.5,1.50,cmro2_var,5e-08,0.5000088925461772,,,0.00027764141371617153,,,4.186658064706296,,
CROSS,cmro2_true,1.5,1.50,cmro2_var,0.005,0.38173592506114096,,,0.12671094051610593,,,4.1156678962079445,,
CROSS,cmro2_true,1.5,1.50,cmro2_var,0.5,0.04114941503314884,,,0.30109673955898747,,,2.9501778407585584,,
CROSS,cmro2_true,1.5,1.50,cmro2_var,5.0,0.02253556641991361,,,0.2769723485575984,,,2.6791468219021284,,
CROSS,cmro2_true,2.0,2.00,cmro2_var,5e-08,0.00012912643934881451,,,0.0005501741831848518,,,4.14513052651257,,
CROSS,cmro2_true,2.0,2.00,cmro2_var,0.005,0.007443670367441646,,,0.1220029231861928,,,3.7544481732817214,,
CROSS,cmro2_true,2.0,2.00,cmro2_var,0.5,0.11147977854992774,,,0.25743272134746953,,,4.771269756372601,,
CROSS,cmro2_true,2.0,2.00,cmro2_var,5.0,0.09846245214062987,,,0.2899299013904009,,,3.541678465534485,,
CROSS,cmro2_true,2.5,2.50,cmro2_var,5e-08,0.5000313213068397,,,0.00042700298677631935,,,4.655803532057123,,
CROSS,cmro2_true,2.5,2.50,cmro2_var,0.005,0.37104059025245917,,,0.11173223761325465,,,4.896769178734718,,
CROSS,cmro2_true,2.5,2.50,cmro2_var,0.5,0.28887659203882077,,,0.32512565009500993,,,5.801644595253531,,
CROSS,cmro2_true,2.5,2.50,cmro2_var,5.0,0.20806086181688244,,,0.4093943509392518,,,5.72318545609147,,
CROSS,cmro2_true,3.0,3.00,cmro2_var,5e-08,1.000157331985892,,,0.00042543814830706806,,,4.1948489396660555,,
CROSS,cmro2_true,3.0,3.00,cmro2_var,0.005,0.7167869805404345,,,0.11558335203090961,,,5.009454096967495,,
CROSS,cmro2_true,3.0,3.00,cmro2_var,0.5,0.16338415490993263,,,0.2929359842640416,,,6.327439640803029,,
CROSS,cmro2_true,3.0,3.00,cmro2_var,5.0,0.2745904728895767,,,0.5353921987387049,,,6.218005133908054,,
CROSS,R0_true,80.0,80,obs_var,1.0,1.0281889165508584,,,0.10782878609458399,,,2.9543023663713224,,
CROSS,R0_true,80.0,80,obs_var,100.0,0.098038468736795,,,0.395820345232308,,,2.9979088905403968,,
CROSS,R0_true,80.0,80,obs_var,2500.0,0.01741603371649214,,,0.6313387767319238,,,2.824119431502932,,
CROSS,R0_true,80.0,80,obs_var,10000.0,0.13102945750095785,,,0.5780142062267254,,,1.0156245171516454,,
CROSS,R0_true,100.0,100,obs_var,1.0,0.5322499282562108,,,0.0894217560003824,,,4.054532825940359,,
CROSS,R0_true,100.0,100,obs_var,100.0,0.07634785307442327,,,0.20364219377450585,,,4.724104826179836,,
CROSS,R0_true,100.0,100,obs_var,2500.0,0.16428025159873272,,,0.5203791749747015,,,5.118708301593813,,
CROSS,R0_true,100.0,100,obs_var,10000.0,0.3771634472643064,,,0.6479200489731625,,,5.175500235727823,,
CROSS,R0_true,120.0,120,obs_var,1.0,0.23018290829946686,,,0.04740896631309323,,,6.67056048300781,,
CROSS,R0_true,120.0,120,obs_var,100.0,0.09177191543690277,,,0.13231128086440141,,,6.502247230087092,,
CROSS,R0_true,120.0,120,obs_var,2500.0,0.12039533487475662,,,0.33984257991418737,,,6.4788454322345,,
CROSS,R0_true,120.0,120,obs_var,10000.0,0.03783755792303323,,,0.3480380588658799,,,6.10357659108978,,
CROSS,R0_true,130.0,130,obs_var,1.0,0.274395283678293,,,0.032926465807382184,,,8.676452459835584,,
CROSS,R0_true,130.0,130,obs_var,100.0,0.15348845245784837,,,0.11283397945313757,,,7.5383949887781805,,
CROSS,R0_true,130.0,130,obs_var,2500.0,0.028835663495396346,,,0.27160596617258115,,,6.5879300322915855,,
CROSS,R0_true,130.0,130,obs_var,10000.0,0.09427594452765553,,,0.2370094298453825,,,7.0932520255224745,,
CROSS,obs_var,1.0,1,cmro2_var,5e-08,0.0005436140574923698,,,0.0004053078374932503,,,4.256642934212089,,
CROSS,obs_var,1.0,1,cmro2_var,0.005,0.2530773181965249,,,0.05452410662405603,,,4.754965882506334,,
CROSS,obs_var,1.0,1,cmro2_var,0.5,0.3243886123547344,,,0.08432401582454876,,,4.666285728702285,,
CROSS,obs_var,1.0,1,cmro2_var,5.0,0.4933686116469609,,,0.06807180005844041,,,6.839617851941284,,
CROSS,obs_var,25.0,5,cmro2_var,5e-08,8.561301482346018e-05,,,0.0005815496962002384,,,4.047646771381299,,
CROSS,obs_var,25.0,5,cmro2_var,0.005,0.19269094021140587,,,0.10010971982175992,,,4.445175069064022,,
CROSS,obs_var,25.0,5,cmro2_var,0.5,0.1484588021221973,,,0.14424120304678087,,,4.224962192265037,,
CROSS,obs_var,25.0,5,cmro2_var,5.0,0.3560525387102058,,,0.1578289768209932,,,5.211309474718859,,
CROSS,obs_var,100.0,10,cmro2_var,5e-08,0.0001534666053273348,,,0.000453766629573178,,,3.990365465597421,,
CROSS,obs_var,100.0,10,cmro2_var,0.005,0.06970250130104771,,,0.1022228494974446,,,4.116561920271881,,
CROSS,obs_var,100.0,10,cmro2_var,0.5,0.14428692798281073,,,0.13066857101884596,,,4.062584347353997,,
CROSS,obs_var,100.0,10,cmro2_var,5.0,0.0013692508995379882,,,0.23190621635998693,,,2.9391863526834743,,
CROSS,obs_var,2500.0,50,cmro2_var,5e-08,2.421714646549944e-05,,,0.0004787718312342931,,,4.45491215199695,,
CROSS,obs_var,2500.0,50,cmro2_var,0.005,0.03911295836838291,,,0.14333489945686034,,,3.934614724921652,,
CROSS,obs_var,2500.0,50,cmro2_var,0.5,0.37883057479583737,,,0.44959978479681045,,,4.620999293182031,,
CROSS,obs_var,2500.0,50,cmro2_var,5.0,0.16338374575207726,,,0.46770483984429456,,,1.8731975324044468,,
CROSS,obs_var,10000.0,100,cmro2_var,5e-08,4.094644538232828e-05,,,0.00044620603912206127,,,3.6866643986042935,,
CROSS,obs_var,10000.0,100,cmro2_var,0.005,0.005135318768312747,,,0.1376646301523053,,,3.888243332388423,,
CROSS,obs_var,10000.0,100,cmro2_var,0.5,0.28666754394273664,,,0.9046630591556468,,,4.2990364258546085,,
CROSS,obs_var,10000.0,100,cmro2_var,5.0,0.11140490772136946,,,0.7874887746852116,,,2.980424057312184,,
