section,sweep_param,sweep_value,sweep_label,param_B,value_B,signed_bias,cmro2_bias,cmro2_rel_bias,cmro2_mean,cmro2_std,R0_mean,pves_mean,pO2_abs_err,pO2_rel_err,spread
CROSS,R0_true,80.0,80,obs_std,1.0,-0.5018501515547213,0.5018501515547213,,,0.1681948156743461,,,3.1668768016615094,,
CROSS,R0_true,80.0,80,obs_std,3.25,-0.3639752534188001,0.3639752534188001,,,0.20290877245809563,,,3.149741469322119,,
CROSS,R0_true,80.0,80,obs_std,5.5,-0.1774635578965542,0.1774635578965542,,,0.2860809337627117,,,3.138340660922467,,
CROSS,R0_true,80.0,80,obs_std,7.75,-0.14074752974064575,0.14074752974064575,,,0.3303455567408791,,,2.9388958664513427,,
CROSS,R0_true,80.0,80,obs_std,10.0,-0.2079129008729752,0.2079129008729752,,,0.324734030544953,,,2.992662960264504,,
CROSS,R0_true,90.0,90,obs_std,1.0,-0.4418213437458425,0.4418213437458425,,,0.10763982878136676,,,3.5553251373562658,,
CROSS,R0_true,90.0,90,obs_std,3.25,-0.19123922187871356,0.19123922187871356,,,0.19359885238928584,,,3.9550588254902483,,
CROSS,R0_true,90.0,90,obs_std,5.5,-0.14631185412255032,0.14631185412255032,,,0.22004716749841838,,,3.9859116811967397,,
CROSS,R0_true,90.0,90,obs_std,7.75,-0.2114130402429888,0.2114130402429888,,,0.2353630234139327,,,4.208871195458343,,
CROSS,R0_true,90.0,90,obs_std,10.0,-0.18537641518171144,0.18537641518171144,,,0.2344410087532934,,,4.186862022682856,,
CROSS,R0_true,100.0,100,obs_std,1.0,-0.3731873663787235,0.3731873663787235,,,0.08303776347906451,,,4.8365866104164175,,
CROSS,R0_true,100.0,100,obs_std,3.25,-0.19015463952642353,0.19015463952642353,,,0.14562232664781055,,,4.169335171181791,,
CROSS,R0_true,100.0,100,obs_std,5.5,-0.1924140987791989,0.1924140987791989,,,0.1764068570038124,,,4.394794580216516,,
CROSS,R0_true,100.0,100,obs_std,7.75,-0.1777336718397371,0.1777336718397371,,,0.1831159540173576,,,4.64366389900245,,
CROSS,R0_true,100.0,100,obs_std,10.0,-0.10284891051592338,0.10284891051592338,,,0.18890106864766879,,,4.089128730051596,,
CROSS,R0_true,110.0,110,obs_std,1.0,-0.14927819271151854,0.14927819271151854,,,0.05610991040690345,,,5.04742925094753,,
CROSS,R0_true,110.0,110,obs_std,3.25,-0.24200600563094676,0.24200600563094676,,,0.11180388433109573,,,5.64871836580175,,
CROSS,R0_true,110.0,110,obs_std,5.5,-0.18899083170985298,0.18899083170985298,,,0.14073684547393595,,,5.812387751812016,,
CROSS,R0_true,110.0,110,obs_std,7.75,-0.16648107631204656,0.16648107631204656,,,0.14751603995182508,,,5.738292903651562,,
CROSS,R0_true,110.0,110,obs_std,10.0,-0.120501673169644,0.120501673169644,,,0.16128417081670868,,,5.73447201979059,,
CROSS,R0_true,120.0,120,obs_std,1.0,-0.3376861297809972,0.3376861297809972,,,0.04236004890972393,,,7.326764254164182,,
CROSS,R0_true,120.0,120,obs_std,3.25,-0.33493449343463055,0.33493449343463055,,,0.11935389750967099,,,6.844737589358903,,
CROSS,R0_true,120.0,120,obs_std,5.5,-0.20077706137957962,0.20077706137957962,,,0.12588160244210514,,,6.710333626509521,,
CROSS,R0_true,120.0,120,obs_std,7.75,-0.12992890178659122,0.12992890178659122,,,0.14088696634225262,,,6.910466937091766,,
CROSS,R0_true,120.0,120,obs_std,10.0,-0.10785200283521901,0.10785200283521901,,,0.14589942810147963,,,6.770355131471343,,
CROSS,cmro2_true,1.0,1.00,obs_std,1.0,-0.0645814798165032,0.0645814798165032,,,0.06220753821671479,,,2.026909754048549,,
CROSS,cmro2_true,1.0,1.00,obs_std,3.25,-0.15299256556306084,0.15299256556306084,,,0.09737492219701101,,,2.5461136482930633,,
CROSS,cmro2_true,1.0,1.00,obs_std,5.5,-0.051262492192349685,0.051262492192349685,,,0.13675167297195887,,,2.229521948697675,,
CROSS,cmro2_true,1.0,1.00,obs_std,7.75,-0.03313313195614276,0.03313313195614276,,,0.15349445642571888,,,2.192307440889136,,
CROSS,cmro2_true,1.0,1.00,obs_std,10.0,-0.07606213561120301,0.07606213561120301,,,0.15976185849176164,,,2.2482483756352667,,
CROSS,cmro2_true,1.0,1.00,cmro2_std,0.1,-0.08310061659499968,0.08310061659499968,,,0.07486249690093014,,,2.245302303356728,,
CROSS,cmro2_true,1.0,1.00,cmro2_std,0.325,-0.22713429543998664,0.22713429543998664,,,0.08201509035047332,,,2.759884002499915,,
CROSS,cmro2_true,1.0,1.00,cmro2_std,0.55,-0.0377874840809902,0.0377874840809902,,,0.10355645968916172,,,2.0407137485236135,,
CROSS,cmro2_true,1.0,1.00,cmro2_std,0.775,-0.07258994097857951,0.07258994097857951,,,0.12540682064050096,,,2.4287197382649386,,
CROSS,cmro2_true,1.0,1.00,cmro2_std,1.0,-0.13795032952857422,0.13795032952857422,,,0.11390954456719982,,,3.036300054441096,,
CROSS,cmro2_true,1.5,1.50,obs_std,1.0,-0.25407067485395674,0.25407067485395674,,,0.07555009846571466,,,3.8359301188511528,,
CROSS,cmro2_true,1.5,1.50,obs_std,3.25,-0.10903571569809323,0.10903571569809323,,,0.13734438661804382,,,3.248395047482205,,
CROSS,cmro2_true,1.5,1.50,obs_std,5.5,-0.07768387161062362,0.07768387161062362,,,0.147828643106558,,,3.164593137460867,,
CROSS,cmro2_true,1.5,1.50,obs_std,7.75,-0.12722349980247194,0.12722349980247194,,,0.17018668253046737,,,3.354440342750847,,
CROSS,cmro2_true,1.5,1.50,obs_std,10.0,-0.10733192915165479,0.10733192915165479,,,0.15899237824786971,,,3.3913379382530735,,
CROSS,cmro2_true,1.5,1.50,cmro2_std,0.1,-0.19077803119507686,0.19077803119507686,,,0.09611148506130458,,,3.5620550651354943,,
CROSS,cmro2_true,1.5,1.50,cmro2_std,0.325,-0.13116953025756906,0.13116953025756906,,,0.11262227139589222,,,3.253062307207565,,
CROSS,cmro2_true,1.5,1.50,cmro2_std,0.55,-0.16857761588602638,0.16857761588602638,,,0.10662564800984108,,,3.387576429005238,,
CROSS,cmro2_true,1.5,1.50,cmro2_std,0.775,-0.2006558066075912,0.2006558066075912,,,0.11623067781081343,,,3.952140661363649,,
CROSS,cmro2_true,1.5,1.50,cmro2_std,1.0,-0.2213751335264369,0.2213751335264369,,,0.10450215671386955,,,4.001599687666767,,
CROSS,cmro2_true,2.0,2.00,obs_std,1.0,-0.3731873663787235,0.3731873663787235,,,0.08303776347906451,,,4.8365866104164175,,
CROSS,cmro2_true,2.0,2.00,obs_std,3.25,-0.19015463952642353,0.19015463952642353,,,0.14562232664781055,,,4.169335171181791,,
CROSS,cmro2_true,2.0,2.00,obs_std,5.5,-0.1924140987791989,0.1924140987791989,,,0.1764068570038124,,,4.394794580216516,,
CROSS,cmro2_true,2.0,2.00,obs_std,7.75,-0.1777336718397371,0.1777336718397371,,,0.1831159540173576,,,4.64366389900245,,
CROSS,cmro2_true,2.0,2.00,obs_std,10.0,-0.10284891051592338,0.10284891051592338,,,0.18890106864766879,,,4.089128730051596,,
CROSS,cmro2_true,2.0,2.00,cmro2_std,0.1,-0.2780245228677116,0.2780245228677116,,,0.09048515485256124,,,4.372142415482459,,
CROSS,cmro2_true,2.0,2.00,cmro2_std,0.325,-0.21165250997195395,0.21165250997195395,,,0.11425313887379099,,,4.403117308828311,,
CROSS,cmro2_true,2.0,2.00,cmro2_std,0.55,-0.21532439300357886,0.21532439300357886,,,0.1293923734355238,,,4.1377474970749315,,
CROSS,cmro2_true,2.0,2.00,cmro2_std,0.775,-0.33330448201407314,0.33330448201407314,,,0.1283835599917813,,,5.126855296638114,,
CROSS,cmro2_true,2.0,2.00,cmro2_std,1.0,-0.2207596908159668,0.2207596908159668,,,0.13067372960069304,,,4.438893661830331,,
CROSS,cmro2_true,2.5,2.50,obs_std,1.0,-0.2358203099355416,0.2358203099355416,,,0.08082307583896153,,,5.248234058293333,,
CROSS,cmro2_true,2.5,2.50,obs_std,3.25,-0.31939114908380883,0.31939114908380883,,,0.15725951137041475,,,5.833016159233693,,
CROSS,cmro2_true,2.5,2.50,obs_std,5.5,-0.2347099468890752,0.2347099468890752,,,0.1893197687128508,,,5.4626839275325985,,
CROSS,cmro2_true,2.5,2.50,obs_std,7.75,-0.20785626632961574,0.20785626632961574,,,0.20525860668151483,,,5.684705654447903,,
CROSS,cmro2_true,2.5,2.50,obs_std,10.0,-0.14467812299970229,0.14467812299970229,,,0.2186934663302827,,,5.397919273318239,,
CROSS,cmro2_true,2.5,2.50,cmro2_std,0.1,-0.3312248695163307,0.3312248695163307,,,0.10431944248586504,,,5.7040747872130035,,
CROSS,cmro2_true,2.5,2.50,cmro2_std,0.325,-0.355968606629558,0.355968606629558,,,0.1232071252282025,,,5.769786419798539,,
CROSS,cmro2_true,2.5,2.50,cmro2_std,0.55,-0.400784338632028,0.400784338632028,,,0.11804449435088589,,,5.744253784857641,,
CROSS,cmro2_true,2.5,2.50,cmro2_std,0.775,-0.34445778404898375,0.34445778404898375,,,0.12793769057011942,,,5.720442602966673,,
CROSS,cmro2_true,2.5,2.50,cmro2_std,1.0,-0.25278619434138605,0.25278619434138605,,,0.1424660170858658,,,5.337703626960815,,
CROSS,obs_std,1.0,1.00,cmro2_std,0.1,-0.2798611277202325,0.2798611277202325,,,0.06992408457779609,,,4.664004113741516,,
CROSS,obs_std,1.0,1.00,cmro2_std,0.325,-0.6654798416079477,0.6654798416079477,,,0.0766483296543966,,,4.415677532071969,,
CROSS,obs_std,1.0,1.00,cmro2_std,0.55,-0.16556702380200639,0.16556702380200639,,,0.08002215734075532,,,4.319795466762352,,
CROSS,obs_std,1.0,1.00,cmro2_std,0.775,-0.3441393257468186,0.3441393257468186,,,0.09012001378685759,,,5.355542222050092,,
CROSS,obs_std,1.0,1.00,cmro2_std,1.0,-0.4293463796120074,0.4293463796120074,,,0.08772331493006551,,,6.02747594632666,,
CROSS,obs_std,3.25,3.25,cmro2_std,0.1,-0.20890904699642965,0.20890904699642965,,,0.12654884501847954,,,4.572498430537825,,
CROSS,obs_std,3.25,3.25,cmro2_std,0.325,-0.18553290662064992,0.18553290662064992,,,0.15821569627707507,,,4.285148556873467,,
CROSS,obs_std,3.25,3.25,cmro2_std,0.55,-0.2133270017108142,0.2133270017108142,,,0.15230425261813352,,,4.689957187245215,,
CROSS,obs_std,3.25,3.25,cmro2_std,0.775,-0.2514586701435082,0.2514586701435082,,,0.16377168011874638,,,5.008343285476505,,
CROSS,obs_std,3.25,3.25,cmro2_std,1.0,-0.26208809204154804,0.26208809204154804,,,0.1411901786120329,,,4.8705250835867115,,
CROSS,obs_std,5.5,5.50,cmro2_std,0.1,-0.14933841043108753,0.14933841043108753,,,0.120293570563009,,,4.079265251577737,,
CROSS,obs_std,5.5,5.50,cmro2_std,0.325,-0.15721611103091382,0.15721611103091382,,,0.15595795072777224,,,4.17595710994768,,
CROSS,obs_std,5.5,5.50,cmro2_std,0.55,-0.19149700955785365,0.19149700955785365,,,0.1774803880910984,,,4.377960111226908,,
CROSS,obs_std,5.5,5.50,cmro2_std,0.775,-0.20998101328046914,0.20998101328046914,,,0.18647956581474964,,,4.805478715621477,,
CROSS,obs_std,5.5,5.50,cmro2_std,1.0,-0.14511162438268466,0.14511162438268466,,,0.18069947742851036,,,4.207025287310391,,
CROSS,obs_std,7.75,7.75,cmro2_std,0.1,-0.12962456114629894,0.12962456114629894,,,0.15704446832192992,,,4.681937853317947,,
CROSS,obs_std,7.75,7.75,cmro2_std,0.325,-0.1516475982224179,0.1516475982224179,,,0.1810339648971516,,,4.403758690276805,,
CROSS,obs_std,7.75,7.75,cmro2_std,0.55,-0.13766950538302547,0.13766950538302547,,,0.1899223411628517,,,4.2979807238467975,,
CROSS,obs_std,7.75,7.75,cmro2_std,0.775,-0.15754163491961792,0.15754163491961792,,,0.1813887249886817,,,4.596671087429464,,
CROSS,obs_std,7.75,7.75,cmro2_std,1.0,-0.10435262792220357,0.10435262792220357,,,0.19442019723070011,,,4.28447312888883,,
CROSS,obs_std,10.0,10.00,cmro2_std,0.1,-0.10511254773319134,0.10511254773319134,,,0.13197562037450397,,,4.363109739697112,,
CROSS,obs_std,10.0,10.00,cmro2_std,0.325,-0.1767495957937153,0.1767495957937153,,,0.20085760277627954,,,4.286171453971861,,
CROSS,obs_std,10.0,10.00,cmro2_std,0.55,-0.151771688526805,0.151771688526805,,,0.21094286852277713,,,4.395682378576106,,
CROSS,obs_std,10.0,10.00,cmro2_std,0.775,-0.11854215118610067,0.11854215118610067,,,0.2085781109035341,,,4.213992416086032,,
CROSS,obs_std,10.0,10.00,cmro2_std,1.0,-0.13076132499573712,0.13076132499573712,,,0.2511814610277803,,,4.932079502179931,,
OAT,R0_std,2.0,2.0,,,-0.33992627276256737,0.33992627276256737,16.99631362963021,2.3399262727625674,0.1262288692489618,96.71767106511088,78.69495835019059,4.531865362768983,11.47875825071375,0.1255961391028911
OAT,R0_std,4.0,4.0,,,-0.31795911517645825,0.31795911517645825,15.897955750873935,2.3179591151764583,0.18079479295636666,97.11233313933603,78.77094435455604,4.273334235865157,10.842303455708095,0.1798885476858772
OAT,R0_std,6.0,6.0,,,-0.6565695646755052,0.6565695646755052,32.82847821736102,2.656569564675505,0.19848268703249705,92.7091673010639,79.61845594821531,3.8733783025588426,9.835092766178816,0.19748778008049953
OAT,R0_std,8.0,8.0,,,-0.5302019856569311,0.5302019856569311,26.510099269591503,2.530201985656931,0.20517738881178507,92.4070295867561,77.66132403833939,3.4277812668179424,8.620216418965317,0.20414892424606654
OAT,R0_std,10.0,10.0,,,-0.6931301873919309,0.6931301873919309,34.65650935226829,2.693130187391931,0.2708097160100012,90.64712500130678,77.89308024866713,3.7312624235884893,9.370638567178549,0.2694522652763626
OAT,R0_true,80.0,80,,,-0.42657935356051135,0.42657935356051135,21.32896766736108,2.4265793535605114,0.2046286849986146,77.56040816722064,79.6012186041035,2.9961621750443395,5.16514130239446,0.20360297084526943
OAT,R0_true,90.0,90,,,-0.2725314947811768,0.2725314947811768,13.62657473224555,2.2725314947811768,0.18854554227267628,88.5131589512021,79.04568498378255,3.2256461545248634,6.541616441536268,0.18760044588376804
OAT,R0_true,100.0,100,,,-0.4382850483411733,0.4382850483411733,21.91425240610154,2.4382850483411733,0.13341105861484628,96.0451005024065,79.24086963834668,5.067641335867822,12.909963740427036,0.13274232729286697
OAT,R0_true,110.0,110,,,-0.24619869662616845,0.24619869662616845,12.309934825153453,2.2461986966261684,0.10253672773448769,107.06279074789936,76.6989554356101,5.108964501850706,18.766320803676344,0.10202275593783716
OAT,R0_true,120.0,120,,,-0.22295739144527094,0.22295739144527094,11.14786956668961,2.222957391445271,0.07574491898822103,116.7495644900173,76.24320621554185,6.730519083475169,48.88098893206802,0.0753652428179386
OAT,cmro2_std,0.1,0.100,,,-0.3263606190401811,0.3263606190401811,16.31803094385004,2.326360619040181,0.09741361478465359,96.92158027622826,78.64600989018,4.465796423160538,11.310339134949476,0.09692532291387398
OAT,cmro2_std,0.325,0.325,,,-0.2762145718110496,0.2762145718110496,13.810728583647114,2.2762145718110496,0.1396150868114153,97.70842591174578,78.67036074320134,4.140247422822718,10.503669864364227,0.13891525740790833
OAT,cmro2_std,0.55,0.550,,,-0.4379636156010953,0.4379636156010953,21.898180769105675,2.4379636156010953,0.13439569778030477,96.06663167519015,79.24876531143869,5.053935693197238,12.875159416719569,0.13372203089258125
OAT,cmro2_std,0.775,0.775,,,-0.2719909233470825,0.2719909233470825,13.599546160554352,2.2719909233470825,0.1384036994760954,96.80817133692688,77.24686324963605,4.813834682105924,12.17992215157842,0.137709942227795
OAT,cmro2_std,1.0,1.000,,,-0.2492268513065281,0.2492268513065281,12.461342559095733,2.249226851306528,0.12351821860906562,97.34873485564951,77.30658083412774,4.728509909925893,11.944295291222677,0.12289907576980941
OAT,cmro2_true,1.0,1.00,,,-0.12197647408007795,0.12197647408007795,12.197647395810145,1.121976474080078,0.08737238909341465,98.35384634242318,79.41532948261806,2.1871939825782665,3.6557289638965615,0.08693442949793903
OAT,cmro2_true,1.5,1.50,,,-0.18664924685282958,0.18664924685282958,12.443283115226448,1.6866492468528296,0.13101789381271517,98.06353867839397,79.04758825413643,3.2252317918958058,6.5015323971148895,0.13036115837982076
OAT,cmro2_true,2.0,2.00,,,-0.4382850483411733,0.4382850483411733,21.91425240610154,2.4382850483411733,0.13341105861484628,96.0451005024065,79.24086963834668,5.067641335867822,12.909963740427036,0.13274232729286697
OAT,cmro2_true,2.5,2.50,,,-0.3779010118463577,0.3779010118463577,15.116040467807892,2.8779010118463577,0.1454748729219804,96.46423564266608,76.87113273039809,6.126610664151924,20.985439184385502,0.14474567097205254
OAT,obs_std,1.0,1.00,,,-0.43469379838770816,0.43469379838770816,21.734689908518064,2.434693798387708,0.08532294217368154,95.4536588867552,78.93905107918744,4.585575188385859,11.612828162502936,0.08489525555978772
OAT,obs_std,3.25,3.25,,,-0.2462328885268481,0.2462328885268481,12.311644420186582,2.246232888526848,0.18136087473074794,98.29147012695829,78.5033100670945,4.656486618886665,11.822659396972629,0.18045179193976166
OAT,obs_std,5.5,5.50,,,-0.2288074404016105,0.2288074404016105,11.440372014360339,2.2288074404016105,0.1605162457658413,98.63806172560697,78.70100966911518,4.288797144409143,10.917781281655955,0.15971164798853077
OAT,obs_std,7.75,7.75,,,-0.07560825051379005,0.07560825051379005,3.780412523799296,2.07560825051379,0.20505922644088526,99.38194245802511,76.58686179980822,4.174320929744223,10.543274575531727,0.20403135417148252
OAT,obs_std,10.0,10.00,,,-0.11570215785099602,0.11570215785099602,5.7851078896572465,2.115702157850996,0.19446146196823877,99.29103912249808,77.37035297160372,4.09322277304996,10.340885205427927,0.1934867116597843
OAT,pvessel_std,1.0,1.00,,,-0.33971942877871486,0.33971942877871486,16.985971430442756,2.339719428778715,0.122467646310913,96.72233987665976,78.6592436034087,4.563779817912544,11.558933655224907,0.12185376953137533
OAT,pvessel_std,3.25,3.25,,,-0.29074388914917204,0.29074388914917204,14.537194450190006,2.290743889149172,0.11809780893075461,97.6189519010898,78.71626554732183,4.36610110431798,11.081253435740276,0.11750583623591884
OAT,pvessel_std,5.5,5.50,,,-0.4400398305069544,0.4400398305069544,22.001991514346724,2.4400398305069544,0.13288995665148057,96.11024325056874,79.30978772859453,5.108328263005717,13.016675529269541,0.13222383738586646
OAT,pvessel_std,7.75,7.75,,,-0.3120879966117922,0.3120879966117922,15.60439982278741,2.312087996611792,0.1210211134594326,96.29963314600067,77.40650496222183,5.032202376627706,12.739772685760506,0.12041448751679028
OAT,pvessel_std,10.0,10.00,,,-0.249906363529528,0.249906363529528,12.49531817022874,2.249906363529528,0.12085087414071385,97.16921620463029,77.22117819550704,4.667054616521455,11.78414265978671,0.12024510153336354
